{
  "status": true,
  "message": "",
  "data": {
    "games": [

        {
            "id": 15214,
            "skin_id": 16245,
            "name": "Gates of Olympus",
            "identifier": "gates-of-olympus",
            "launch_code": 16245,
            "provider": "pragmaticplay",
            "provider_id": 27,
            "provider_name": "PragmaticPlay",
            "website": "mobile_casino",
            "status": 2,
            "jackpot_codes": null,
            "preview_promo": 0,
            "mobile_available": 0,
            "demo_enabled": 1,
            "demo_button_excluded_langs": [],
            "blur_preview": 0,
            "blur_preview_excluded_langs": [],
            "visible_logged_out": 1,
            "visible_logged_out_excluded_langs": [],
            "real_enabled": 1,
            "image_identifier": "gates-of-olympus",
            "image_preview_ext": "jpg",
            "image_avg_color": {
              "red": 175,
              "green": 138,
              "blue": 119
            },
            "image_jackpot_ext": null,
            "image_background_ext": null,
            "image_hover_ext": null,
            "order": 0,
            "version": 4,
            "description": false,
            "ribbon": "",
            "game_ribbon_id": 24,
            "game_ribbon_colour": "#CC4599",
            "game_ribbon_name": "drops & wins",
            "landscape_mode": 0,
            "pvip_contrib": 100,
            "game_parameter1": "vs20olympgate",
            "game_parameter2": "",
            "game_parameter3": "",
            "game_parameter4": "",
            "game_parameter5": 16245,
            "image_url": "https://img.netbet.ro/cdn-cgi/image/q=85,w=490,f=webp/gms/games/casino_new/preview/15214-gates-of-olympus__4.jpg",
            "game_url": "https://casino.netbet.ro/play/gates-of-olympus"
          },
          {
            "id": 20950,
            "skin_id": 24054,
            "name": "Big Bass Splash",
            "identifier": "big-bass-splash",
            "launch_code": 24054,
            "provider": "pragmaticplay",
            "provider_id": 27,
            "provider_name": "PragmaticPlay",
            "website": "mobile_casino",
            "status": 2,
            "jackpot_codes": null,
            "preview_promo": 0,
            "mobile_available": 0,
            "demo_enabled": 1,
            "demo_button_excluded_langs": [],
            "blur_preview": 0,
            "blur_preview_excluded_langs": [],
            "visible_logged_out": 1,
            "visible_logged_out_excluded_langs": [],
            "real_enabled": 1,
            "image_identifier": "big-bass-splash",
            "image_preview_ext": "jpg",
            "image_avg_color": {
              "red": 122,
              "green": 116,
              "blue": 96
            },
            "image_jackpot_ext": null,
            "image_background_ext": null,
            "image_hover_ext": null,
            "order": 0,
            "version": 4,
            "description": false,
            "ribbon": "",
            "game_ribbon_id": 24,
            "game_ribbon_colour": "#CC4599",
            "game_ribbon_name": "drops & wins",
            "landscape_mode": 0,
            "pvip_contrib": 100,
            "game_parameter1": "vs10txbigbass",
            "game_parameter2": "",
            "game_parameter3": "",
            "game_parameter4": "",
            "game_parameter5": 24054,
            "image_url": "https://img.netbet.ro/cdn-cgi/image/q=85,w=490,f=webp/gms/games/casino_new/preview/20950-big-bass-splash__4.jpg",
            "game_url": "https://casino.netbet.ro/play/big-bass-splash"
          },

          {
            "id": 14229,
            "skin_id": 15476,
            "name": "Big Bass Bonanza",
            "identifier": "big-bass-bonanza",
            "launch_code": 15476,
            "provider": "pragmaticplay",
            "provider_id": 27,
            "provider_name": "PragmaticPlay",
            "website": "mobile_casino",
            "status": 2,
            "jackpot_codes": null,
            "preview_promo": 0,
            "mobile_available": 0,
            "demo_enabled": 1,
            "demo_button_excluded_langs": [],
            "blur_preview": 0,
            "blur_preview_excluded_langs": [],
            "visible_logged_out": 1,
            "visible_logged_out_excluded_langs": [],
            "real_enabled": 1,
            "image_identifier": "big-bass-bonanza",
            "image_preview_ext": "jpg",
            "image_avg_color": {
              "red": 126,
              "green": 145,
              "blue": 145
            },
            "image_jackpot_ext": null,
            "image_background_ext": null,
            "image_hover_ext": null,
            "order": 0,
            "version": 4,
            "description": false,
            "ribbon": "",
            "game_ribbon_id": 24,
            "game_ribbon_colour": "#CC4599",
            "game_ribbon_name": "drops & wins",
            "landscape_mode": 0,
            "pvip_contrib": 100,
            "game_parameter1": "vs10bbbonanza",
            "game_parameter2": "",
            "game_parameter3": "",
            "game_parameter4": "",
            "game_parameter5": 15476,
            "image_url": "https://img.netbet.ro/cdn-cgi/image/q=85,w=490,f=webp/gms/games/casino_new/preview/14229-big-bass-bonanza__4.jpg",
            "game_url": "https://casino.netbet.ro/play/big-bass-bonanza"
          },
          {
            "id": 9737,
            "skin_id": 8834,
            "name": "Sweet Bonanza",
            "identifier": "sweet-bonanza",
            "launch_code": 8834,
            "provider": "pragmaticplay",
            "provider_id": 27,
            "provider_name": "PragmaticPlay",
            "website": "mobile_casino",
            "status": 2,
            "jackpot_codes": null,
            "preview_promo": 0,
            "mobile_available": 0,
            "demo_enabled": 1,
            "demo_button_excluded_langs": [],
            "blur_preview": 1,
            "blur_preview_excluded_langs": [
              "en",
              "ro",
              "es",
              "dk",
              "mx",
              "eu",
              "ie",
              "fi",
              "ca",
              "de",
              "gr",
              "ja",
              "at",
              "br"
            ],
            "visible_logged_out": 1,
            "visible_logged_out_excluded_langs": [],
            "real_enabled": 1,
            "image_identifier": "sweet-bonanza",
            "image_preview_ext": "jpg",
            "image_avg_color": {
              "red": 159,
              "green": 152,
              "blue": 163
            },
            "image_jackpot_ext": null,
            "image_background_ext": null,
            "image_hover_ext": null,
            "order": 0,
            "version": 4,
            "description": false,
            "ribbon": "",
            "game_ribbon_id": 24,
            "game_ribbon_colour": "#CC4599",
            "game_ribbon_name": "drops & wins",
            "landscape_mode": 0,
            "pvip_contrib": 100,
            "game_parameter1": "vs20fruitsw",
            "game_parameter2": "",
            "game_parameter3": "",
            "game_parameter4": "",
            "game_parameter5": 8834,
            "image_url": "https://img.netbet.ro/cdn-cgi/image/q=85,w=490,f=webp/gms/games/casino_new/preview/9737-sweet-bonanza__4.jpg",
            "game_url": "https://casino.netbet.ro/play/sweet-bonanza"
          },
          {
            "id": 31879,
            "skin_id": 600010155,
            "name": "Sweet Bonanza 1000",
            "identifier": "sweet-bonanza-1000",
            "launch_code": "mobile_vs20fruitswx",
            "provider": "pragmaticplay",
            "provider_id": 27,
            "provider_name": "PragmaticPlay",
            "website": "mobile_casino",
            "status": 4,
            "jackpot_codes": null,
            "preview_promo": 0,
            "mobile_available": 0,
            "demo_enabled": 1,
            "demo_button_excluded_langs": [],
            "blur_preview": 0,
            "blur_preview_excluded_langs": [],
            "visible_logged_out": 1,
            "visible_logged_out_excluded_langs": [],
            "real_enabled": 1,
            "image_identifier": "sweet-bonanza-1000",
            "image_preview_ext": "jpg",
            "image_avg_color": {
              "red": 212,
              "green": 159,
              "blue": 164
            },
            "image_jackpot_ext": null,
            "image_background_ext": null,
            "image_hover_ext": null,
            "order": 0,
            "version": 2,
            "description": false,
            "ribbon": "",
            "game_ribbon_id": 24,
            "game_ribbon_colour": "#CC4599",
            "game_ribbon_name": "drops & wins",
            "landscape_mode": 0,
            "pvip_contrib": 100,
            "game_parameter1": "vs20fruitswx",
            "game_parameter2": "",
            "game_parameter3": "",
            "game_parameter4": "",
            "game_parameter5": "",
            "image_url": "https://img.netbet.ro/cdn-cgi/image/q=85,w=490,f=webp/gms/games/casino_new/preview/31877-sweet-bonanza-1000__2.jpg",
            "game_url": "https://casino.netbet.ro/play/sweet-bonanza-1000"
          },
          {
            "id": 30525,
            "skin_id": 600008990,
            "name": "Sugar Rush 1000",
            "identifier": "sugar-rush-1000",
            "launch_code": "mobile_vs20sugarrushx",
            "provider": "pragmaticplay",
            "provider_id": 27,
            "provider_name": "PragmaticPlay",
            "website": "mobile_casino",
            "status": 4,
            "jackpot_codes": null,
            "preview_promo": 0,
            "mobile_available": 0,
            "demo_enabled": 1,
            "demo_button_excluded_langs": [],
            "blur_preview": 0,
            "blur_preview_excluded_langs": [],
            "visible_logged_out": 1,
            "visible_logged_out_excluded_langs": [],
            "real_enabled": 1,
            "image_identifier": "sugar-rush-1000",
            "image_preview_ext": "jpg",
            "image_avg_color": {
              "red": 175,
              "green": 161,
              "blue": 199
            },
            "image_jackpot_ext": null,
            "image_background_ext": null,
            "image_hover_ext": null,
            "order": 0,
            "version": 1,
            "description": false,
            "ribbon": "",
            "game_ribbon_id": 24,
            "game_ribbon_colour": "#CC4599",
            "game_ribbon_name": "drops & wins",
            "landscape_mode": 0,
            "pvip_contrib": 100,
            "game_parameter1": "vs20sugarrushx",
            "game_parameter2": "",
            "game_parameter3": "",
            "game_parameter4": "",
            "game_parameter5": "",
            "image_url": "https://img.netbet.ro/cdn-cgi/image/q=85,w=490,f=webp/gms/games/casino_new/preview/30525-sugar-rush-1000__1.jpg",
            "game_url": "https://casino.netbet.ro/play/sugar-rush-1000"
          },
          {
            "id": 25261,
            "skin_id": 28534,
            "name": "Zeus vs Hades - Gods of War",
            "identifier": "zeus-vs-hades-gods-of-war",
            "launch_code": 28534,
            "provider": "pragmaticplay",
            "provider_id": 27,
            "provider_name": "PragmaticPlay",
            "website": "mobile_casino",
            "status": 4,
            "jackpot_codes": null,
            "preview_promo": 0,
            "mobile_available": 0,
            "demo_enabled": 1,
            "demo_button_excluded_langs": [],
            "blur_preview": 0,
            "blur_preview_excluded_langs": [],
            "visible_logged_out": 1,
            "visible_logged_out_excluded_langs": [],
            "real_enabled": 1,
            "image_identifier": "zeus-vs-hades-gods-of-war",
            "image_preview_ext": "jpg",
            "image_avg_color": {
              "red": 100,
              "green": 117,
              "blue": 134
            },
            "image_jackpot_ext": null,
            "image_background_ext": null,
            "image_hover_ext": null,
            "order": 0,
            "version": 2,
            "description": false,
            "ribbon": "",
            "game_ribbon_id": 24,
            "game_ribbon_colour": "#CC4599",
            "game_ribbon_name": "drops & wins",
            "landscape_mode": 0,
            "pvip_contrib": 100,
            "game_parameter1": "vs15godsofwar",
            "game_parameter2": "",
            "game_parameter3": "",
            "game_parameter4": "",
            "game_parameter5": 28534,
            "image_url": "https://img.netbet.ro/cdn-cgi/image/q=85,w=490,f=webp/gms/games/casino_new/preview/25261-zeus-vs-hades-gods-of-war__2.jpg",
            "game_url": "https://casino.netbet.ro/play/zeus-vs-hades-gods-of-war"
          },
          {
            "id": 26129,
            "skin_id": 600003805,
            "name": "The Dog House Megaways Jackpot Play",
            "identifier": "the-dog-house-megaways-jackpot-play",
            "launch_code": "pragmatic_mobile_600003805",
            "provider": "pragmaticplay",
            "provider_id": 27,
            "provider_name": "PragmaticPlay",
            "website": "mobile_casino",
            "status": 4,
            "jackpot_codes": null,
            "preview_promo": 0,
            "mobile_available": 0,
            "demo_enabled": 0,
            "demo_button_excluded_langs": [],
            "blur_preview": 0,
            "blur_preview_excluded_langs": [],
            "visible_logged_out": 1,
            "visible_logged_out_excluded_langs": [],
            "real_enabled": 1,
            "image_identifier": "the-dog-house-megaways-jackpot-play",
            "image_preview_ext": "jpg",
            "image_avg_color": {
              "red": 0,
              "green": 0,
              "blue": 60
            },
            "image_jackpot_ext": null,
            "image_background_ext": null,
            "image_hover_ext": null,
            "order": 0,
            "version": 2,
            "description": false,
            "ribbon": "",
            "game_ribbon_id": "",
            "game_ribbon_colour": "",
            "game_ribbon_name": "",
            "landscape_mode": 0,
            "pvip_contrib": 100,
            "game_parameter1": "vsprgwaysdogs",
            "game_parameter2": "",
            "game_parameter3": "",
            "game_parameter4": "",
            "game_parameter5": "",
            "image_url": "https://img.netbet.ro/cdn-cgi/image/q=85,w=490,f=webp/gms/games/casino_new/preview/26129-the-dog-house-megaways-jackpot-play__2.jpg",
            "game_url": "https://casino.netbet.ro/play/the-dog-house-megaways-jackpot-play"
          },
          {
            "id": 14592,
            "skin_id": 15980,
            "name": "Madame Destiny Megaways",
            "identifier": "madame-destiny-megaways",
            "launch_code": 15980,
            "provider": "pragmaticplay",
            "provider_id": 27,
            "provider_name": "PragmaticPlay",
            "website": "mobile_casino",
            "status": 4,
            "jackpot_codes": null,
            "preview_promo": 0,
            "mobile_available": 0,
            "demo_enabled": 1,
            "demo_button_excluded_langs": [],
            "blur_preview": 0,
            "blur_preview_excluded_langs": [],
            "visible_logged_out": 1,
            "visible_logged_out_excluded_langs": [],
            "real_enabled": 1,
            "image_identifier": "madame-destiny-megaways",
            "image_preview_ext": "jpg",
            "image_avg_color": {
              "red": 149,
              "green": 47,
              "blue": 83
            },
            "image_jackpot_ext": null,
            "image_background_ext": null,
            "image_hover_ext": null,
            "order": 0,
            "version": 4,
            "description": false,
            "ribbon": "",
            "game_ribbon_id": 24,
            "game_ribbon_colour": "#CC4599",
            "game_ribbon_name": "drops & wins",
            "landscape_mode": 0,
            "pvip_contrib": 100,
            "game_parameter1": "vswaysmadame",
            "game_parameter2": "",
            "game_parameter3": "",
            "game_parameter4": "",
            "game_parameter5": 15980,
            "image_url": "https://img.netbet.ro/cdn-cgi/image/q=85,w=490,f=webp/gms/games/casino_new/preview/14592-madame-destiny-megaways__4.jpg",
            "game_url": "https://casino.netbet.ro/play/madame-destiny-megaways"
          },
          {
            "id": 20590,
            "skin_id": 23416,
            "name": "Netbet Bonanza",
            "identifier": "netbet-bonanza",
            "launch_code": 23416,
            "provider": "pragmaticplay",
            "provider_id": 27,
            "provider_name": "PragmaticPlay",
            "website": "mobile_casino",
            "status": 4,
            "jackpot_codes": null,
            "preview_promo": 0,
            "mobile_available": 0,
            "demo_enabled": 1,
            "demo_button_excluded_langs": [],
            "blur_preview": 1,
            "blur_preview_excluded_langs": [
              "en",
              "ro",
              "es",
              "dk",
              "mx",
              "eu",
              "ie",
              "fi",
              "fr",
              "ca",
              "de",
              "gr",
              "ja",
              "at",
              "br"
            ],
            "visible_logged_out": 1,
            "visible_logged_out_excluded_langs": [],
            "real_enabled": 1,
            "image_identifier": "netbet-bonanza",
            "image_preview_ext": "jpg",
            "image_avg_color": {
              "red": 92,
              "green": 51,
              "blue": 71
            },
            "image_jackpot_ext": null,
            "image_background_ext": null,
            "image_hover_ext": null,
            "order": 0,
            "version": 2,
            "description": false,
            "ribbon": "",
            "game_ribbon_id": "",
            "game_ribbon_colour": "",
            "game_ribbon_name": "",
            "landscape_mode": 0,
            "pvip_contrib": 100,
            "game_parameter1": "vs20fruitnetbet",
            "game_parameter2": "",
            "game_parameter3": "",
            "game_parameter4": "",
            "game_parameter5": 23416,
            "image_url": "https://img.netbet.ro/cdn-cgi/image/q=85,w=490,f=webp/gms/games/casino_new/preview/20590-netbet-bonanza__2.jpg",
            "game_url": "https://casino.netbet.ro/play/netbet-bonanza"
          },
          {
            "id": 25879,
            "skin_id": 29136,
            "name": "Wisdom of Athena",
            "identifier": "wisdom-of-athena",
            "launch_code": 29136,
            "provider": "pragmaticplay",
            "provider_id": 27,
            "provider_name": "PragmaticPlay",
            "website": "mobile_casino",
            "status": 4,
            "jackpot_codes": null,
            "preview_promo": 0,
            "mobile_available": 0,
            "demo_enabled": 1,
            "demo_button_excluded_langs": [],
            "blur_preview": 0,
            "blur_preview_excluded_langs": [],
            "visible_logged_out": 1,
            "visible_logged_out_excluded_langs": [],
            "real_enabled": 1,
            "image_identifier": "wisdom-of-athena",
            "image_preview_ext": "jpg",
            "image_avg_color": {
              "red": 142,
              "green": 106,
              "blue": 72
            },
            "image_jackpot_ext": null,
            "image_background_ext": null,
            "image_hover_ext": null,
            "order": 0,
            "version": 2,
            "description": false,
            "ribbon": "",
            "game_ribbon_id": 24,
            "game_ribbon_colour": "#CC4599",
            "game_ribbon_name": "drops & wins",
            "landscape_mode": 0,
            "pvip_contrib": 100,
            "game_parameter1": "vs20procount",
            "game_parameter2": "",
            "game_parameter3": "",
            "game_parameter4": "",
            "game_parameter5": 29136,
            "image_url": "https://img.netbet.ro/cdn-cgi/image/q=85,w=490,f=webp/gms/games/casino_new/preview/25879-wisdom-of-athena__2.jpg",
            "game_url": "https://casino.netbet.ro/play/wisdom-of-athena"
          },
          {
            "id": 18235,
            "skin_id": 19073,
            "name": "Starlight Princess",
            "identifier": "starlight-princess",
            "launch_code": 19073,
            "provider": "pragmaticplay",
            "provider_id": 27,
            "provider_name": "PragmaticPlay",
            "website": "mobile_casino",
            "status": 4,
            "jackpot_codes": null,
            "preview_promo": 0,
            "mobile_available": 0,
            "demo_enabled": 1,
            "demo_button_excluded_langs": [],
            "blur_preview": 1,
            "blur_preview_excluded_langs": [
              "en",
              "ro",
              "da",
              "dk",
              "es",
              "mx",
              "gl",
              "eu",
              "fi",
              "ie",
              "in",
              "ng",
              "fr",
              "ca",
              "de",
              "gr",
              "ja",
              "br",
              "go",
              "at"
            ],
            "visible_logged_out": 1,
            "visible_logged_out_excluded_langs": [],
            "real_enabled": 1,
            "image_identifier": "starlight-princess",
            "image_preview_ext": "jpg",
            "image_avg_color": {
              "red": 165,
              "green": 202,
              "blue": 216
            },
            "image_jackpot_ext": null,
            "image_background_ext": null,
            "image_hover_ext": null,
            "order": 0,
            "version": 4,
            "description": false,
            "ribbon": "",
            "game_ribbon_id": 24,
            "game_ribbon_colour": "#CC4599",
            "game_ribbon_name": "drops & wins",
            "landscape_mode": 0,
            "pvip_contrib": 100,
            "game_parameter1": "vs20starlight",
            "game_parameter2": "",
            "game_parameter3": "",
            "game_parameter4": "",
            "game_parameter5": 19073,
            "image_url": "https://img.netbet.ro/cdn-cgi/image/q=85,w=490,f=webp/gms/games/casino_new/preview/18235-starlight-princess__4.jpg",
            "game_url": "https://casino.netbet.ro/play/starlight-princess"
          },
          {
            "id": 12082,
            "skin_id": 13519,
            "name": "John Hunter and the Book of Tut",
            "identifier": "john-hunter-and-the-book-of-tut",
            "launch_code": 13519,
            "provider": "pragmaticplay",
            "provider_id": 27,
            "provider_name": "PragmaticPlay",
            "website": "mobile_casino",
            "status": 2,
            "jackpot_codes": null,
            "preview_promo": 0,
            "mobile_available": 0,
            "demo_enabled": 1,
            "demo_button_excluded_langs": [],
            "blur_preview": 0,
            "blur_preview_excluded_langs": [],
            "visible_logged_out": 1,
            "visible_logged_out_excluded_langs": [],
            "real_enabled": 1,
            "image_identifier": "john-hunter-and-the-book-of-tut",
            "image_preview_ext": "jpg",
            "image_avg_color": {
              "red": 158,
              "green": 103,
              "blue": 59
            },
            "image_jackpot_ext": null,
            "image_background_ext": null,
            "image_hover_ext": null,
            "order": 0,
            "version": 4,
            "description": false,
            "ribbon": "",
            "game_ribbon_id": "",
            "game_ribbon_colour": "",
            "game_ribbon_name": "",
            "landscape_mode": 0,
            "pvip_contrib": 100,
            "game_parameter1": "vs10bookoftut",
            "game_parameter2": "",
            "game_parameter3": "",
            "game_parameter4": "",
            "game_parameter5": 13519,
            "image_url": "https://img.netbet.ro/cdn-cgi/image/q=85,w=490,f=webp/gms/games/casino_new/preview/12082-john-hunter-and-the-book-of-tut__4.jpg",
            "game_url": "https://casino.netbet.ro/play/john-hunter-and-the-book-of-tut"
          },
          {
            "id": 28320,
            "skin_id": 600006099,
            "name": "Nile Fortunes",
            "identifier": "nile-fortunes",
            "launch_code": "mobile_vs20nilefort",
            "provider": "pragmaticplay",
            "provider_id": 27,
            "provider_name": "PragmaticPlay",
            "website": "mobile_casino",
            "status": 2,
            "jackpot_codes": null,
            "preview_promo": 0,
            "mobile_available": 0,
            "demo_enabled": 1,
            "demo_button_excluded_langs": [],
            "blur_preview": 0,
            "blur_preview_excluded_langs": [],
            "visible_logged_out": 1,
            "visible_logged_out_excluded_langs": [],
            "real_enabled": 1,
            "image_identifier": "nile-fortunes",
            "image_preview_ext": "jpg",
            "image_avg_color": {
              "red": 97,
              "green": 62,
              "blue": 29
            },
            "image_jackpot_ext": null,
            "image_background_ext": null,
            "image_hover_ext": null,
            "order": 0,
            "version": 1,
            "description": false,
            "ribbon": "",
            "game_ribbon_id": "",
            "game_ribbon_colour": "",
            "game_ribbon_name": "",
            "landscape_mode": 0,
            "pvip_contrib": 100,
            "game_parameter1": "vs20nilefort",
            "game_parameter2": "",
            "game_parameter3": "",
            "game_parameter4": "",
            "game_parameter5": "",
            "image_url": "https://img.netbet.ro/cdn-cgi/image/q=85,w=490,f=webp/gms/games/casino_new/preview/28320-nile-fortunes__1.jpg",
            "game_url": "https://casino.netbet.ro/play/nile-fortunes"
          }
    ]
  }
}
