{
  "year" : "2022",
  "qatar":[
    {
      "game_info": [
        {
          "dayMatch": "Luni, 21 noiembrie",
          "match": "Senegal vs Olanda",
          "stadium": "Stadionul Al Thumama",
          "hours": "12:00 EET",
          "temperature": "23",
          "weatherCondition": "3.1 mm",
          "wind": "13 kmh"
        },
        {
          "dayMatch": "Luni, 21 noiembrie",
          "match": "Anglia vs Iran",
          "stadium": "Stadionul internațional Khalifa",
          "hours": "15:00 EET",
          "temperature": "22",
          "weatherCondition": "0.4 mm",
          "wind": "13 kmh"
        },
        {
          "dayMatch": "Luni, 21 noiembrie",
          "match": "Qatar vs Ecuador",
          "stadium": "Stadionul Al Bayt",
          "hours": "18:00 EET",
          "temperature": "22",
          "weatherCondition": "0.6 mm",
          "wind": "13 kmh"
        },
        {
          "dayMatch": "Luni, 21 noiembrie",
          "match": "SUA vs Țara Galilor",
          "stadium": "Stadionul Ahmad bin Ali",
          "hours": "21:00 EET",
          "temperature": "22",
          "weatherCondition": "0.1 mm",
          "wind": "10 kmh"
        },
        {
          "dayMatch": "Marți, 22 noiembrie",
          "match": "Argentina vs Arabia Saudită",
          "stadium": "Stadionul Lusail Iconic Stadium",
          "hours": "12:00 EET",
          "temperature": "27",
          "weatherCondition": "3.4 mm",
          "wind": "13 kmh"
        },
        {
          "dayMatch": "Marți, 22 noiembrie",
          "match": "Danemarca vs Tunisia",
          "stadium": "Stadionul Education City",
          "hours": "15:00 EET",
          "temperature": "25",
          "weatherCondition": "0.2 mm",
          "wind": "24 kmh"
        },
        {
          "dayMatch": "Marți, 22 noiembrie",
          "match": "Mexic vs Polonia",
          "stadium": "Stadionul 974",
          "hours": "18:00 EET",
          "temperature": "25",
          "weatherCondition": "0.1 mm",
          "wind": "24 kmh"
        },
        {
          "dayMatch": "Marți, 22 noiembrie",
          "match": "Franța vs Australia",
          "stadium": "Stadionul Al Janoub",
          "hours": "21:00 EET",
          "temperature": "25",
          "weatherCondition": "0.0 mm",
          "wind": "13 kmh"
        },
        {
          "dayMatch": "Miercuri, 23 noiembrie",
          "match": "Maroc vs Croația",
          "stadium": "Stadionul Al Bayt",
          "hours": "12:00 EET",
          "temperature": "27",
          "weatherCondition": "0.0 mm",
          "wind": "13 kmh"
        },
        {
          "dayMatch": "Miercuri, 23 noiembrie",
          "match": "Germania vs Japonia",
          "stadium": "Stadionul Khalifa International",
          "hours": "15:00 EET",
          "temperature": "23",
          "weatherCondition": "0.0 mm",
          "wind": "13 kmh"
        },
        {
          "dayMatch": "Miercuri, 23 noiembrie",
          "match": "Spania vs Costa Rica",
          "stadium": "Stadionul Al Thumama",
          "hours": "18:00 EET",
          "temperature": "23",
          "weatherCondition": "0.0 mm",
          "wind": "13 kmh"
        },
        {
          "dayMatch": "Miercuri, 23 noiembrie",
          "match": "Belgia vs Canada",
          "stadium": "Stadionul Ahmad bin Ali",
          "hours": "21:00 EET",
          "temperature": "23",
          "weatherCondition": "0.0 mm",
          "wind": "18 kmh"
        },
        {
          "dayMatch": "Joi, 24 noiembrie",
          "match": "Elveția vs Camerun",
          "stadium": "Stadionul Al Janoub",
          "hours": "12:00 EET",
          "temperature": "24",
          "weatherCondition": "0.7mm",
          "wind": "18 kmh"
        },
        {
          "dayMatch": "Joi, 24 noiembrie",
          "match": "Uruguay vs Coreea de Sud",
          "stadium": "Stadionul Education City",
          "hours": "15:00 EET",
          "temperature": "22",
          "weatherCondition": "0.0 mm",
          "wind": "18 kmh"
        },
        {
          "dayMatch": "Joi, 24 noiembrie",
          "match": "Portugalia vs Ghana",
          "stadium": "Stadionul 974",
          "hours": "18:00 EET",
          "temperature": "22",
          "weatherCondition": "0.0 mm",
          "wind": "21 kmh"
        },
        {
          "dayMatch": "Joi, 24 noiembrie",
          "match": "Brazilia vs Serbia",
          "stadium": "Stadionul Lusail Iconic",
          "hours": "21:00 EET",
          "temperature": "21",
          "weatherCondition": "0.0 mm",
          "wind": "24 kmh"
        },
        {
          "dayMatch": "Vineri, 25 noiembrie",
          "match": "Țara Galilor vs Iran",
          "stadium": "Stadionul Ahmad bin Ali",
          "hours": "12:00 EET",
          "temperature": "24",
          "weatherCondition": "0.0 mm",
          "wind": "21 kmh"
        },
        {
          "dayMatch": "Vineri, 25 noiembrie",
          "match": "Qatar vs Senegal",
          "stadium": "Stadionul Al Thumama",
          "hours": "15:00 EET",
          "temperature": "21",
          "weatherCondition": "0.0 mm",
          "wind": "21 kmh"
        },
        {
          "dayMatch": "Vineri, 25 noiembrie",
          "match": "Olanda vs Ecuador",
          "stadium": "Stadionul Khalifa International",
          "hours": "18:00 EET",
          "temperature": "21",
          "weatherCondition": "0.0 mm",
          "wind": "21 kmh"
        },
        {
          "dayMatch": "Vineri, 25 noiembrie",
          "match": "Anglia vs SUA",
          "stadium": "Stadionul Al Bayt",
          "hours": "21:00 EET",
          "temperature": "20",
          "weatherCondition": "0.0 mm",
          "wind": "27 kmh"
        },
        {
          "dayMatch": "Sâmbătă, 26 noiembrie",
          "match": "Tunisia vs Australia",
          "stadium": "Stadionul Al Janoub",
          "hours": "12:00 EET",
          "temperature": "25",
          "weatherCondition": "0.0 mm",
          "wind": "24 kmh"
        },
        {
          "dayMatch": "Sâmbătă, 26 noiembrie",
          "match": "Polonia vs Arabia Saudită",
          "stadium": "Stadionul Education City",
          "hours": "15:00 EET",
          "temperature": "22",
          "weatherCondition": "0.0 mm",
          "wind": "21 kmh"
        },
        {
          "dayMatch": "Sâmbătă, 26 noiembrie",
          "match": "Franța vs Danemarca",
          "stadium": "Stadionul 974",
          "hours": "18:00 EET",
          "temperature": "22",
          "weatherCondition": "0.0 mm",
          "wind": "21 kmh"
        },
        {
          "dayMatch": "Sâmbătă, 26 noiembrie",
          "match": "Argentina vs Mexic",
          "stadium": "Stadionul Lusail Iconic",
          "hours": "21:00 EET",
          "temperature": "20",
          "weatherCondition": "0.0 mm",
          "wind": "21 kmh"
        },
        {
          "dayMatch": "Duminică, 27 noiembrie",
          "match": "Japonia vs Costa Rica",
          "stadium": "Stadionul Ahmad bin Ali",
          "hours": "12:00 EET",
          "temperature": "25",
          "weatherCondition": "0.0 mm",
          "wind": "18 kmh"
        },
        {
          "dayMatch": "Duminică, 27 noiembrie",
          "match": "Belgia vs Maroc",
          "stadium": "Stadionul Al Thumama",
          "hours": "15:00 EET",
          "temperature": "21",
          "weatherCondition": "0.0 mm",
          "wind": "10 kmh"
        },
        {
          "dayMatch": "Duminică, 27 noiembrie",
          "match": "Croația vs Canada",
          "stadium": "Stadionul Khalifa International",
          "hours": "18:00 EET",
          "temperature": "21",
          "weatherCondition": "0.0 mm",
          "wind": "10 kmh"
        },
        {
          "dayMatch": "Duminică, 27 noiembrie",
          "match": "Spania vs Germania",
          "stadium": "Stadionul Al Bayt",
          "hours": "21:00 EET",
          "temperature": "20",
          "weatherCondition": "0.0 mm",
          "wind": "10 kmh"
        },
        {
          "dayMatch": "Luni, 28 noiembrie",
          "match": "Camerun vs Serbia",
          "stadium": "Stadionul Al Janoub",
          "hours": "12:00 EET",
          "temperature": "25",
          "weatherCondition": "0.0 mm",
          "wind": "6 kmh"
        },
        {
          "dayMatch": "Luni, 28 noiembrie",
          "match": "Coreea de Sud vs Ghana",
          "stadium": "Stadionul Education City",
          "hours": "15:00 EET",
          "temperature": "20",
          "weatherCondition": "0.0 mm",
          "wind": "3 kmh"
        },
        {
          "dayMatch": "Luni, 28 noiembrie",
          "match": "Brazilia vs Elveția",
          "stadium": "Stadionul 974",
          "hours": "18:00 EET",
          "temperature": "20",
          "weatherCondition": "0.0 mm",
          "wind": "3 kmh"
        },
        {
          "dayMatch": "Luni, 28 noiembrie",
          "match": "Portugalia vs Uruguay",
          "stadium": "Stadionul Lusail Iconic",
          "hours": "21:00 EET",
          "temperature": "18",
          "weatherCondition": "0.0 mm",
          "wind": "0 kmh"
        },
        {
          "dayMatch": "Marți 29 noiembrie",
          "match": "Olanda vs Qatar",
          "stadium": "Stadionul Al Bayt",
          "hours": "17:00 EET",
          "temperature": "20",
          "weatherCondition": "0.0 mm",
          "wind": "0 kmh"
        },
        {
          "dayMatch": "Marți 29 noiembrie",
          "match": "Ecuador vs Senegal",
          "stadium": "Stadionul Khalifa International",
          "hours": "17:00 EET",
          "temperature": "20",
          "weatherCondition": "0.0 mm",
          "wind": "0 kmh"
        },
        {
          "dayMatch": "Marți 29 noiembrie",
          "match": "Țara Galilor vs Anglia",
          "stadium": "Stadionul Ahmad bin Ali",
          "hours": "21:00 EET",
          "temperature": "19",
          "weatherCondition": "0.0 mm",
          "wind": "3 kmh"
        },
        {
          "dayMatch": "Marți 29 noiembrie",
          "match": "Iran vs SUA",
          "stadium": "Stadionul Al Thumama",
          "hours": "21:00 EET",
          "temperature": "19",
          "weatherCondition": "0.0 mm",
          "wind": "3 kmh"
        },
        {
          "dayMatch": "Miercuri, 30 noiembrie",
          "match": "Australia vs Danemarca",
          "stadium": "Stadionul Al Janoub",
          "hours": "17:00 EET",
          "temperature": "21",
          "weatherCondition": "0.0 mm",
          "wind": "3 kmh"
        },
        {
          "dayMatch": "Miercuri, 30 noiembrie",
          "match": "Tunisia vs Franța",
          "stadium": "Stadionul Education City",
          "hours": "17:00 EET",
          "temperature": "21",
          "weatherCondition": "0.0 mm",
          "wind": "3 kmh"
        },
        {
          "dayMatch": "Miercuri, 30 noiembrie",
          "match": "Polonia vs Argentina",
          "stadium": "Stadionul 974",
          "hours": "21:00 EET",
          "temperature": "19",
          "weatherCondition": "0.0 mm",
          "wind": "6 kmh"
        },
        {
          "dayMatch": "Miercuri, 30 noiembrie",
          "match": "Arabia Saudită vs Mexic",
          "stadium": "Stadionul Lusail Iconic",
          "hours": "21:00 EET",
          "temperature": "19",
          "weatherCondition": "0.0 mm",
          "wind": "6 kmh"
        },
        {
          "dayMatch": "Joi, 1 decembrie",
          "match": "Croația vs Belgia",
          "stadium": "Stadionul Ahmad bin Ali",
          "hours": "17:00 EET",
          "temperature": "22",
          "weatherCondition": "0.0 mm",
          "wind": "13 kmh"
        },
        {
          "dayMatch": "Joi, 1 decembrie",
          "match": "Canada vs Maroc",
          "stadium": "Stadionul Al Thumama",
          "hours": "17:00 EET",
          "temperature": "22",
          "weatherCondition": "0.0 mm",
          "wind": "13 kmh"
        },
        {
          "dayMatch": "Joi, 1 decembrie",
          "match": "Costa Rica vs Germania",
          "stadium": "Stadionul Al Bayt",
          "hours": "21:00 EET",
          "temperature": "21",
          "weatherCondition": "0.0 mm",
          "wind": "21 kmh"
        },
        {
          "dayMatch": "Joi, 1 decembrie",
          "match": "Japonia vs Spania",
          "stadium": "Stadionul Khalifa International",
          "hours": "21:00 EET",
          "temperature": "21",
          "weatherCondition": "0.0 mm",
          "wind": "18 kmh"
        },
        {
          "dayMatch": "Vineri, 2 decembrie",
          "match": "Coreea de Sud vs Portugalia",
          "stadium": "Stadionul Education City",
          "hours": "17:00 EET",
          "temperature": "21",
          "weatherCondition": "0.0 mm",
          "wind": "10 kmh"
        },
        {
          "dayMatch": "Vineri, 2 decembrie",
          "match": "Ghana vs Uruguay",
          "stadium": "Stadionul Al Janoub",
          "hours": "17:00 EET",
          "temperature": "21",
          "weatherCondition": "0.0 mm",
          "wind": "10 kmh"
        },
        {
          "dayMatch": "Vineri, 2 decembrie",
          "match": "Serbia vs Elveția",
          "stadium": "Stadionul 974",
          "hours": "21:00 EET",
          "temperature": "19",
          "weatherCondition": "0.0 mm",
          "wind": "10 kmh"
        },
        {
          "dayMatch": "Vineri, 2 decembrie",
          "match": "Camerun vs Brazilia",
          "stadium": "Stadionul Lusail Iconic",
          "hours": "21:00 EET",
          "temperature": "19",
          "weatherCondition": "0.0 mm",
          "wind": "10 kmh"
        },
        {
          "dayMatch": "Sâmbătă, 3 decembrie",
          "match": "TBC vs TBC",
          "stadium": "Stadionul Khalifa International",
          "hours": "17:00 EET",
          "temperature": "20",
          "weatherCondition": "0.0 mm",
          "wind": "0 kmh"
        },
        {
          "dayMatch": "Sâmbătă, 3 decembrie",
          "match": "TBC vs TBC",
          "stadium": "Stadionul Ahmad bin Ali",
          "hours": "21:00 EET",
          "temperature": "19",
          "weatherCondition": "0.0 mm",
          "wind": "10 kmh"
        },
        {
          "dayMatch": "Duminică, 4 decembrie",
          "match": "TBC vs TBC",
          "stadium": "Stadionul Al Thumama",
          "hours": "17:00 EET",
          "temperature": "20",
          "weatherCondition": "0.0 mm",
          "wind": "0 kmh"
        },
        {
          "dayMatch": "Duminică, 4 decembrie",
          "match": "TBC vs TBC",
          "stadium": "Stadionul Al Bayt",
          "hours": "21:00 EET",
          "temperature": "18",
          "weatherCondition": "0.0 mm",
          "wind": "3 kmh"
        },
        {
          "dayMatch": "Luni, 5 decembrie",
          "match": "TBC vs TBC",
          "stadium": "Stadionul Al Janoub",
          "hours": "17:00 EET",
          "temperature": "21",
          "weatherCondition": "0.0 mm",
          "wind": "3 kmh"
        },
        {
          "dayMatch": "Luni, 5 decembrie",
          "match": "TBC vs TBC",
          "stadium": "Stadionul 974",
          "hours": "21:00 EET",
          "temperature": "18",
          "weatherCondition": "0.0 mm",
          "wind": "0 kmh"
        },
        {
          "dayMatch": "Marți 6 decembrie",
          "match": "TBC vs TBC",
          "stadium": "Stadionul Education City",
          "hours": "17:00 EET",
          "temperature": "21",
          "weatherCondition": "0.0 mm",
          "wind": "6 kmh"
        },
        {
          "dayMatch": "Marți 6 decembrie",
          "match": "TBC vs TBC",
          "stadium": "Stadionul Lusail Iconic",
          "hours": "21:00 EET",
          "temperature": "19",
          "weatherCondition": "0.0 mm",
          "wind": "0 kmh"
        },
        {
          "dayMatch": "Vineri, 9 decembrie",
          "match": "TBC vs TBC",
          "stadium": "Stadionul Education City",
          "hours": "17:00 EET",
          "temperature": "22",
          "weatherCondition": "0.8 mm",
          "wind": "21 kmh"
        },
        {
          "dayMatch": "Vineri, 9 decembrie",
          "match": "TBC vs TBC",
          "stadium": "Stadionul Lusail Iconic",
          "hours": "21:00 EET",
          "temperature": "22",
          "weatherCondition": "0.8 mm",
          "wind": "21 kmh"
        }
      ]
    },
    {
      "sections": [
        {
          "section": 1,
          "id": 1,
          "title": "Campionatul de Fotbal 2022",
          "Sbox1": "Semne plasate deasupra și dedesubtul literelor în limba arabă.",
          "Sbox2": "Prezentată într-un stil geometric, care face trimitere la cultura arabă.",
          "Sbox3": "Cea mai renumită siluetă din lumea fotbalului.",
          "Sbox4": "Acest simbol are mai multe fațete, reprezentând cele 8 stadioane pe care se va juca Campionatul de Fotbal 2022 și legăturile umane care vor dăinui mult timp după turneu.",
          "Sbox5": "Partea de sus a emblemei reprezintă mișcarea elegantă a șalului, care este purtat în întreaga lume - și în special în regiunea arabă și a Golfului - de o varietate de persoane și în diferite stiluri.",
          "Sbox6": "Concepută pentru a surprinde și a încânta, emblema se poate roti pentru a dezvălui un cerc perfect, reflectând atât planeta noastră, cât și o minge de fotbal.",
          "Sbox7": "Modelele florale, precum cele brodate pe șalurile din Qatar, sunt elemente importante ale moștenirii Qatarului. Bazate pe arta arabă tradițională, aceste decorațiuni reflectă bogăția culturii Orientului Mijlociu.",
          "Sbox8": "Curbele ample ale emblemei reprezintă dunele din Qatar, care sunt veșnice, indiferent de factorii naturali sau de altă natură."
        },
        {
          "section": 2,
          "id": 2,
          "content": "Va fi pentru prima dată când Campionatul se va desfășura în lunile de iarnă. Va fi iarnă doar în gândurile participanților, deoarece în Doha, în noiembrie-decembrie, temperaturile variază între 23 și 30 de grade Celsius. Pentru a combate temperaturile ridicate, stadioanele pe care se va desfășura CM 2022 sunt prevăzute cu instalații imense de aer condiționat.",
          "title": "Primul turneu pe timp de iarnă",
          "subtitle": "23-30 °c"
        },
        {
          "section": 3,
          "id": 3,
          "content": "Campionatul a fost difuzat pentru prima dată la televizor în 1954. În prezent este cel mai urmărit eveniment sportiv din lume, depășind în audiențe chiar și Jocurile Olimpice.",
          "content_two": "Este audiența totală estimată a transmisiilor live de la CM 2022, în timp ce CM 2018 din Rusia a avut o audiență de 3.5 miliarde. Finala de atunci a fost urmărită de aproximativ 1.1 milarde de oameni, cei mai mulți venind din Europa și Asia.",
          "title": "Audiențe estimate și bugete",
          "subtitle": "Prima difuzare",
          "subtitle_two": "5 mld. oameni"
        },
        {
          "section": 4,
          "id": 4,
          "content": "Este pentru prima dată când Campionatul este găzduit de un stat arab și doar a doua Cupă care se joacă în Asia, după ediția din 2002 din Coreea de Sud și Japonia.",
          "title": "Stadioanele turneului final",
          "subtitle": "Prima Cupă"
        },
        {
          "section": 5,
          "id": 5,
          "content": "<i>&quotFederația de Fotbal a dezvoltat o strategie amplă pentru a reduce emisiile cu 50% până în 2030 și net-zero până în 2040. Trebuie să protejăm frumoasa noastră planetă și frumosul fotbal&quot.</i><br />Gianni Infantino, președinte",
          "content_two": "&bull; Construit complet din containere de transport maritim <br />&bull; La final va fi demontat și containerele refolosite <br />&bull; au fost folosite 974 de containere la construirea arenei<br />&bull; 974 reprezintă prefixul Qatarului<br />&bull; Proiectat de Fenwick Iribarren Architects ",
          "title": "Mesaj pentru protecția mediului",
          "subtitle": "Legământul lui <br> Infantino",
          "subtitle_two": "Stadionul temporar 974 cu o moștenire eternă."
        },
        {
          "section": 6,
          "id": 6,
          "content": "Începând din acest an, naționalele au loturi de 26 de jucători, cu 3 mai mult decât în edițiile precedente. Toți cei 26 vor putea sta pe bancă sau în teren în timpul unui meci, dacă nu vor fi suspendați.",
          "content_two": "Fiecare echipă va avea 5 schimbări permise pe meci, dar trebuie făcute în cel mult 3 întreruperi. În fazele eliminatorii este permisă o schimbare adițională, într-o întrerupere adițională a jocului.",
          "title": "Mai multe schimbări, mai mulți fotbaliști",
          "subtitle": "26 în loc de 23",
          "subtitle_two": "5 este noul 3"
        },
        {
          "id": 7,
          "section": 7,
          "title": "Brazilia cea MARE",
          "content": "Cu 5 titluri, Brazilia este cea mai galonată reprezentativă din istorie. Este și singura reprezentativă care a participat la toate turneele finale de până acum.",
          "content_two": "Succesele sunt marcate cu 5 stele deasupra emblemei echipei naționale.",
          "content_tree": "Germania ar putea egala numărul de trofee în Qatar. Italia are tot 4 titluri ca nemții, dar nu s-a calificat pentru CM 2022.",
          "subtitle": "Regina Mondialului"
        },
        {
          "id": 8,
          "section": 8,
          "title": "Primul trofeu, câștigat definitv în 1970, apoi dat dispărut",
          "content": "Primul trofeu era o reprezentare a zeiței Nike, zeița victoriei în mitologia greacă. Botezat inițial „Victoria”, trofeul a fost rebotezat „Jules Rimet” în 1946, după numele președintelui federației din 1929, inițiatorul Campionatului de Fotbal Mondial.",
          "content_two": "Trofeul Jules Rimet urma să fie păstrat definitiv de prima triplă campioană mondială. Asta a fost Brazilia în 1970. Numai că trofeul a dispărut în 1984 și de atunci nimeni nu mai știe unde e statueta. 30.875 karate are actualul trofeu al campionatului, fiind făcut din 6,1 kilograme de aur masiv.",
          "subtitle": "Brazilia și Zeița Victoriei",
          "subtitle_two": "Trofeul dispărut"
        },
        {
          "id": 9,
          "section": 9,
          "title": "Maracana și un record ce va dăinui probabil pe vecie",
          "content": "Faimosul stadion Maracana din Rio de Janeiro deține recordul pentru cel mai numeros public la un meci de Campionat Mondial. În iulie 1950, la Brazilia - Uruguay, s-au înghesuit 173.850 de spectatori plătitori, conform datelor oficiale. Surse multiple dau chiar 210.000, mii de fani intrând ilegal în stadion.",
          "content_two": "În grupa finală, Brazilia avea nevoie doar de un egal pentru a deveni campioană. Dar Uruguay a câștigat cu 2-1 și și-a adjudecat trofeul.",
          "subtitle": "210.000 pe Maracana",
          "subtitle_two": "210.000 în lacrimi"
        },
        {
          "id": 10,
          "section": 10,
          "title": "România, parte din meciul cel mai mic",
          "content": "Cea mai mică audiență la un meci de cupă s-a înregistrat la partida România - Peru, desfășurată în 1930 în Uruguay.",
          "content_two": "România a câștigat cu 3-1, fiind primul succes al tricolorilor la un turneu final. A fost o grupă de 3, gazda Uruguay câștigând ambele meciuri cu Peru și România în drum spre primul trofeu.",
          "subtitle": "300 de spectatori",
          "subtitle_two": "Primul succes românesc"
        },
        {
          "id": 11,
          "section": 11,
          "title": "Americanii și soccer-ul",
          "content": "Americanii îi spun „soccer” și enervează o lume întreagă cu asta. Vest-europenii cred că în SUA nu există o piață mare pentru fotbal, iar Est-europenii strâmbă din nas de fiecare dată când un fotbalist cu ștaif trece Atlanticul pentru a juca în MLS. Și totuși, turneul final cu cea mai mare medie de audiență pe stadioane a fost CM 1994!",
          "content_two": "S-au aflat în tribunele Rose Bowl din Pasadena, la meciul SUA - România. Partida s-a jucat la 41,5 grade C. „Tricolorii” au câștigat cu 1-0, Dan Petrescu marcând singurul gol al meciului. Este cea mai mare audiență pe care a avut-o România vreodată la un meci oficial.",
          "subtitle": "Recordul CM 1994",
          "subtitle_two": "93.869 spectatori"
        },
        {
          "id": 12,
          "section": 12,
          "title": "Diferența dintre Pele și restul",
          "content": "A câștigat Edson Arantes do Nascimento. Toți îl știu de Pelé. Cu el în echipă, Brazilia a câștigat turneele din 1958, 1962 și 1970. Datorită acelor trofee, dar și a palmaresului lui de atacant, este considerat de mulți specialiști drept cel mai bun fotbalist din toate timpurile.",
          "content_two": "A marcat Pelé în carieră, conform Federației de Fotbal. Statistica variază teribil între 757 goluri și 1303 goluri, în funcție de sursă și de criteriul de a despărți meciurile oficiale de cele amicale de tot felul desfășurate în America latină în anii 50-60. Totuși, cel mai bun fotbal se juca acolo pe atunci. Și Pelé era cel mai bine plătit fotbalist din lume.",
          "subtitle": "3 Turnee finale",
          "subtitle_two": "1281 de goluri"
        },
        {
          "id": 13,
          "section": 13,
          "title": "Cel mai jucat duel, al nemților",
          "content": "Sunt trei confruntări de la CM cu câte 7 meciuri. Dar cel mai important dintre ele este Germania - Argentina, câștigat până acum categoric de nemți cu un palmares 4-2-1.",
          "content_two": "Au jucat Germania și Argentina. „Pumele” au câștigat în 1986, nemții în 1990 și 2014.",
          "subtitle": "7x Germania-Argentina",
          "subtitle_two": "3 finale directe"
        },
        {
          "id": 14,
          "section": 14,
          "title": "Recordul lui Matthäus",
          "content": "Lothar Matthäus a jucat în 25 de partide de turneu final. Neamțul a participat la 5 turnee finale, la fel ca mexicanii Antonio Carbajal și Rafa Marquez. Toți sunt retrași din activitate.",
          "content_two": "Este singurul fotbalist în activitate care să amenințe în 2022 recordul lui Matthäus. Pentru a atinge 26 de jocuri la CM, Leo trebuie să ajungă cu Argentina în finală și el să participe în toate jocurile.",
          "subtitle": "25 de prezențe",
          "subtitle_two": "Leo Messi"
        },
        {
          "id": 15,
          "section": 15,
          "title": "Și recordul lui Klose",
          "content": "Tot din Germania vine și cel mai prolific marcator din istoria cupei. Miroslav Klose are 16 reușite în 24 de meciuri, urmat de brazilianul Ronaldo cu 15 goluri în 19 meciuri. Ambii sunt retrași. Dintre cei încă în activitate, Cristiano Ronaldo și Luis Suarez sunt la 7 goluri distanță.",
          "subtitle": "16 goluri marcate"
        },
        {
          "id": 16,
          "section": 16,
          "title": "Golul de 11 secunde",
          "content": "Hakan Şükür este autorul celui mai rapid gol din istoria turneului. Jucătorul turc a avut nevoie de doar 11 secunde pentru a marca împotriva Coreei de Sud în 2002. Cehoslovacul Václav Mašek este al doilea în acest top, cu un gol în 15 secunde împotriva Mexicului în 1962.",
          "subtitle": "Un record turcesc",
          "subtitle_two": "La 4 secunde distanță",
          "content_two":"Cehoslovacul Václav Mašek este al doilea în acest top, cu un gol în 15 secunde împotriva Mexicului în 1962."
        },
        {
          "id": 17,
          "section": 17,
          "title": "Apropo de Kane și de Anglia…",
          "content": "Din punct de vedere financiar, lotul Angliei depășește 1 miliard de euro. Dintre toți, căpitanul Harry Kane are cea mai mare cotă de piață: 90 de milioane de euro. Kane a fost cel mai bun marcator al CM 2018.",
          "content_two": "Anglia a ajuns o singură dată în finală la CM, în 1966, când a și câștigat trofeul.",
          "subtitle": "Cel mai valoros lot?",
          "subtitle_two": "56 de ani de așteptare"
        },
        {
          "id": 18,
          "section": 18,
          "title": "Disputa continentelor",
          "content": "CM este o competiție dominată de America de Sud și de Europa. Până acum, nicio echipă de pe alt continent nu a ajuns în finală. Singurele naționale de pe alte continente care au reușit să ajungă în semifinale sunt SUA (1930) și Coreea de Sud (2002).",
          "content_two": "Este scorul la trofee între Europa și America de Sud. Echipele africane nu au trecut niciodată de sferturile competiției.",
          "subtitle": "Europa. America de Sud. Atât.",
          "subtitle_two": "12-9"
        },
        {
          "id": 19,
          "section": 19,
          "title": "Se înscrie mai rar. Dar mai mult",
          "content": "Pe măsură ce numărul echipelor a crescut, media de goluri marcate pe meci de la un campionat la altul a avut un trend descendent. S-a terminat în anii '60, când media de goluri pe meci a scăzut semnificativ. Începând cu Chile 1962 nu a mai fost turneu în care media să treacă de 3 goluri pe meci. CM 1990 desfășurat în Italia a avut cea mai scăzută medie de goluri pe meci de până acum, 2,21 goluri pe meci.",
          "subtitle": "Doar golurile contează?"
        },
        {
          "id": 20,
          "section": 20,
          "title": "Era arbitrajului video",
          "content": "Primul CM cu sistem VAR a fost cel din 2018. Atunci a fost folosit pentru a analiza peste 400 de faze și a întors complet 16 decizii greșite de arbitraj. Conform președintelui Federației de Fotbal, Gianni Infantino, gradul de decizii corecte în arbitraj a crescut de la 95% la 99,2%.",
          "content_two": "„La mano de Dios”, golul cu mâna marcat de Diego Armando Maradona în 1986 împotriva Angliei, a fost considerat de prestigiosul Goal.com „cea mai mare greșeală de arbitraj din istoria Cupei”.",
          "subtitle": "Sute de faze analizate",
          "subtitle_two": "Cea mai faimoasă greșeală"
        },
        {
          "id": 21,
          "section": 21,
          "title": "Cel mai costisitor turneu final",
          "content": "Peste 200 de miliarde de euro a cheltuit Qatar pentru a organiza CM 2022.",
          "subtitle": ""
        },
        {
          "id": 22,
          "section": 22,
          "title": "Cea mai mică țară gazdă",
          "content": "Qatar este cea mai mică țară care găzduiește un turneu final de fotbal. Suprafața țării este cât două județe medii ale României. În 2010, au fost rapoarte că Federația de Fotbal nu va permite desfășurarea campionatului din cauză că nu ar fi efectiv loc suficient în țară, dar zvonurile nu s-au adeverit. Toate naționalele vor locui în Doha, cel mai mare oraș al țării, cu 2,4 milioane de locuitori dintr-un total de 2,7 milioane de qatarezi.",
          "content_two": "Este PIB-ul pe cap de locuitor în Qatar. Din punct de vedere economic, Qatar este în top 10 cele mai mari state, peste SUA, Suedia, Germania, UK, Franța și așa mai departe.",
          "subtitle": "11581 km pătrați",
          "subtitle_two": "50805"
        },
        {
          "id": 23,
          "section": 22,
          "title": "quizz",
          "subtitle": "11581 km pătrați",
          "subtitle_two": "50805"
        }
      ]
    },
    {
      "players":  [
        {
          "name": "Kylian Mbappé",
          "country":"Franța",
          "price": 160
        },
        {
          "name": "Vinicius Junior",
          "country":"Brazilia",
          "price": 100
        },
        {
          "name": "Phil Foden",
          "country":"Anglia",
          "price": 90
        },
        {
          "name": "Harry Kane",
          "country":"Anglia",
          "price": 90
        },
        {
          "name": "Dušan Vlahović",
          "country":"Serbia",
          "price": 85
        },
        {
          "name": "Bruno Fernandes",
          "country":"Portugalia",
          "price": 85
        },
        {
          "name": "Jude Bellingham",
          "country":"Anglia",
          "price": 80
        },
        {
          "name": "Christopher Nkunku",
          "country":"Franța",
          "price": 80
        },
        {
          "name": "Rodri",
          "country":"Spania",
          "price": 80
        },
        {
          "name": "Joshua Kimmich",
          "country":"Germania",
          "price": 80
        },
        {
          "name": "Declan Rice",
          "country":"Anglia",
          "price": 80
        },
        {
          "name": "Trent Alexander-Arnold",
          "country":"Anglia",
          "price": 80
        },
        {
          "name": "Bernardo Silva",
          "country":"Portugalia",
          "price": 80
        },
        {
          "name": "Mason Mount",
          "country":"Anglia",
          "price": 75
        },
        {
          "name": "Lautaro Martínez",
          "country":"Argentina",
          "price": 75
        },
        {
          "name": "Neymar",
          "country":"Brazilia",
          "price": 75
        },
        {
          "name": "Rafael Leão",
          "country":"Portugalia",
          "price": 70
        },
        {
          "name": "Alphonso Davies",
          "country":"Canada",
          "price": 70
        },
        {
          "name": "Jack Grealish",
          "country":"Anglia",
          "price": 70
        },
        {
          "name": "Sergej Milinković-Savić",
          "country":"Serbia",
          "price": 70
        },
        {
          "name": "Matthijs de Ligt",
          "country":"Olanda",
          "price": 70
        },
        {
          "name": "Raheem Sterling",
          "country":"Anglia",
          "price": 70
        },
        {
          "name": "Marquinhos",
          "country":"Brazilia",
          "price": 70
        },
        {
          "name": "Sadio Mané",
          "country":"Senegal",
          "price": 70
        },
        {
          "name": "Federico Valverde",
          "country":"Uruguay",
          "price": 70
        }
      ]
    },
    {
      "stadium": [
        {
          "name": "Lusail",
          "size": "80000"
        },
        {
          "name": "Al Bayt",
          "size": "60000"
        },
        {
          "name": "Education City",
          "size": "40000"
        },
        {
          "name": "Khalifa Int",
          "size": "40000"
        },
        {
          "name": "974",
          "size": "40000"
        },
        {
          "name": "Al Janoub",
          "size": "40000"
        },
        {
          "name": "Ahmad Bin Ali",
          "size": "40000"
        },
        {
          "name": "Al Thumama",
          "size": "40000"
        }
      ]
    }
  ]
}